{
  "trades": 522,
  "losses": 69,
  "winRate": 0.867816091954023,
  "maxLossStreak": 3,
  "runsGe1": 59,
  "runsGe2": 9,
  "runsGe3": 1,
  "runsGe4": 0,
  "iidApprox": {
    "p2": 0.017472585546307307,
    "p3": 0.0023095946411785524,
    "p4": 0.0003052912456730271,
    "expectedGe2": 9.120689655172415,
    "expectedGe3": 1.2056084026952043,
    "expectedGe4": 0.15936203024132012
  }
}