{
  "generatedAt": "2026-02-15T23:30:57.386Z",
  "sets": {
    "top3": {
      "trades": 160,
      "wins": 149,
      "winRate": 0.93125,
      "winRateLCB": 0.8810959503315197,
      "tradesPerDay": 1.4546832086371817,
      "windows": {
        "24h": {
          "trades": 3,
          "wins": 3,
          "losses": 0,
          "winRate": 1,
          "winRateLCB": 0.43849391955098227
        },
        "48h": {
          "trades": 4,
          "wins": 4,
          "losses": 0,
          "winRate": 1,
          "winRateLCB": 0.5100999795960008
        },
        "1w": {
          "trades": 9,
          "wins": 9,
          "losses": 0,
          "winRate": 1,
          "winRateLCB": 0.7008472464490407
        },
        "2w": {
          "trades": 19,
          "wins": 19,
          "losses": 0,
          "winRate": 1,
          "winRateLCB": 0.8318156346315496
        },
        "1m": {
          "trades": 46,
          "wins": 44,
          "losses": 2,
          "winRate": 0.9565217391304348,
          "winRateLCB": 0.8546747708094657
        },
        "full": {
          "trades": 160,
          "wins": 149,
          "losses": 11,
          "winRate": 0.93125,
          "winRateLCB": 0.8810959503315197
        }
      }
    },
    "top7": {
      "trades": 489,
      "wins": 432,
      "winRate": 0.8834355828220859,
      "winRateLCB": 0.8519578545095459,
      "tradesPerDay": 4.426591230551627,
      "windows": {
        "24h": {
          "trades": 4,
          "wins": 4,
          "losses": 0,
          "winRate": 1,
          "winRateLCB": 0.5100999795960008
        },
        "48h": {
          "trades": 9,
          "wins": 9,
          "losses": 0,
          "winRate": 1,
          "winRateLCB": 0.7008472464490407
        },
        "1w": {
          "trades": 33,
          "wins": 32,
          "losses": 1,
          "winRate": 0.9696969696969697,
          "winRateLCB": 0.8468093832683193
        },
        "2w": {
          "trades": 72,
          "wins": 70,
          "losses": 2,
          "winRate": 0.9722222222222222,
          "winRateLCB": 0.9042564183109327
        },
        "1m": {
          "trades": 162,
          "wins": 151,
          "losses": 11,
          "winRate": 0.9320987654320988,
          "winRateLCB": 0.8825134184560102
        },
        "full": {
          "trades": 489,
          "wins": 432,
          "losses": 57,
          "winRate": 0.8834355828220859,
          "winRateLCB": 0.8519578545095459
        }
      }
    },
    "opt8": {
      "trades": 522,
      "wins": 453,
      "winRate": 0.867816091954023,
      "winRateLCB": 0.8360556418370404,
      "tradesPerDay": 4.725318246110326,
      "windows": {
        "24h": {
          "trades": 4,
          "wins": 4,
          "losses": 0,
          "winRate": 1,
          "winRateLCB": 0.5100999795960008
        },
        "48h": {
          "trades": 9,
          "wins": 9,
          "losses": 0,
          "winRate": 1,
          "winRateLCB": 0.7008472464490407
        },
        "1w": {
          "trades": 35,
          "wins": 34,
          "losses": 1,
          "winRate": 0.9714285714285714,
          "winRateLCB": 0.8546659090672868
        },
        "2w": {
          "trades": 77,
          "wins": 75,
          "losses": 2,
          "winRate": 0.974025974025974,
          "winRateLCB": 0.9101524452675265
        },
        "1m": {
          "trades": 173,
          "wins": 159,
          "losses": 14,
          "winRate": 0.9190751445086706,
          "winRateLCB": 0.8687576040654788
        },
        "full": {
          "trades": 522,
          "wins": 453,
          "losses": 69,
          "winRate": 0.867816091954023,
          "winRateLCB": 0.8360556418370404
        }
      }
    }
  }
}