{
  "totalCycles": 3170,
  "validCycles": 1638,
  "strategies": [
    {
      "name": "HIGH FREQ: CONVICTION/ADVISORY at 95-100¢ (99%+ win rate)",
      "finalBalance": 74129.14899236592,
      "totalReturn": 1482482.9798473185,
      "trades": 1522,
      "wins": 1521,
      "losses": 1,
      "winRate": 99.93429697766098,
      "projected24h": 21833.9368315452,
      "projected24hProfit": 21828.9368315452
    },
    {
      "name": "HIGH RETURN: CONVICTION/ADVISORY at <50¢ (99%+ win rate)",
      "finalBalance": 2.543996101682598e+82,
      "totalReturn": 5.087992203365196e+83,
      "trades": 87,
      "wins": 69,
      "losses": 18,
      "winRate": 79.3103448275862,
      "projected24h": 1.015082733211891e+72,
      "projected24hProfit": 1.015082733211891e+72
    },
    {
      "name": "DUAL OPTIMAL: High (95-100¢) + Low (<50¢)",
      "finalBalance": 3.771685321152551e+86,
      "totalReturn": 7.543370642305102e+87,
      "trades": 1609,
      "wins": 1590,
      "losses": 19,
      "winRate": 98.81914232442512,
      "projected24h": 4.432650455148138e+75,
      "projected24hProfit": 4.432650455148138e+75
    },
    {
      "name": "MAX FREQ: All CONVICTION/ADVISORY (any price)",
      "finalBalance": 3.2501117270307025e+85,
      "totalReturn": 6.500223454061406e+86,
      "trades": 1638,
      "wins": 1612,
      "losses": 26,
      "winRate": 98.4126984126984,
      "projected24h": 5.21825862623938e+74,
      "projected24hProfit": 5.21825862623938e+74
    }
  ],
  "bestStrategy": "DUAL OPTIMAL: High (95-100¢) + Low (<50¢)"
}