{
  "generatedAt": "2026-04-28T06:40:45.440Z",
  "topApproaches": [
    {
      "id": "early_breakout_aggressive",
      "name": "Aggressive Early Breakout",
      "category": "breakout",
      "timeframe": "15m",
      "selectedCount": 20,
      "holdoutEvents": 97,
      "holdoutWR": 0.5979381443298969,
      "avgEntry": 0.6348969072164949,
      "score": -7.942195937499999,
      "s5_median": 7.027025,
      "s5_bust": 24.22,
      "s7_median": 9.49244125,
      "s7_bust": 20.14,
      "s10_median": 14.62199125,
      "s10_bust": 12.82,
      "s10_trades": 14,
      "s10_pGte100": 0,
      "s10_pGte500": 0,
      "s10_pGte1000": 0,
      "a10_median": 10.12946521,
      "a10_bust": 12.520000000000001,
      "w10_median": 8.135137209999995,
      "w10_bust": 3.3000000000000003
    },
    {
      "id": "ensemble_combined",
      "name": "Ensemble Combined Top Approaches",
      "category": "ensemble",
      "timeframe": "multi",
      "selectedCount": 8,
      "holdoutEvents": 454,
      "holdoutWR": 0.6123348017621145,
      "avgEntry": 0.566629955947136,
      "score": -11.17880009,
      "s5_median": 1.7758616000000003,
      "s5_bust": 40.04,
      "s7_median": 3.3454974,
      "s7_bust": 19.7,
      "s10_median": 5.5272394,
      "s10_bust": 8.86,
      "s10_trades": 8,
      "s10_pGte100": 0,
      "s10_pGte500": 0,
      "s10_pGte1000": 0,
      "a10_median": 3.4865325999999994,
      "a10_bust": 10.620000000000001,
      "w10_median": 5.5887782,
      "w10_bust": 6.76
    },
    {
      "id": "4h_low_convexity_wide",
      "name": "4h Low-Entry Wide",
      "category": "4h_low_entry",
      "timeframe": "4h",
      "selectedCount": 10,
      "holdoutEvents": 21,
      "holdoutWR": 0.47619047619047616,
      "avgEntry": 0.45666666666666667,
      "score": -13.3839784875,
      "s5_median": 1.234562,
      "s5_bust": 47.620000000000005,
      "s7_median": 1.529230810000001,
      "s7_bust": 28.76,
      "s10_median": 4.0702576100000005,
      "s10_bust": 8.98,
      "s10_trades": 5,
      "s10_pGte100": 0,
      "s10_pGte500": 0,
      "s10_pGte1000": 0,
      "a10_median": 3.863298209999998,
      "a10_bust": 13.62,
      "w10_median": 8.096125200000003,
      "w10_bust": 100
    },
    {
      "id": "momentum_cascade",
      "name": "Momentum Cascade",
      "category": "momentum",
      "timeframe": "15m",
      "selectedCount": 16,
      "holdoutEvents": 44,
      "holdoutWR": 0.5454545454545454,
      "avgEntry": 0.5924999999999999,
      "score": -15.874056349999998,
      "s5_median": 0.9853539999999996,
      "s5_bust": 50.18,
      "s7_median": 1.8558090000000005,
      "s7_bust": 18.6,
      "s10_median": 2.123456000000001,
      "s10_bust": 9.28,
      "s10_trades": 5,
      "s10_pGte100": 0,
      "s10_pGte500": 0,
      "s10_pGte1000": 0,
      "a10_median": 2.2081980000000008,
      "a10_bust": 7.180000000000001,
      "w10_median": 2.0914249999999988,
      "w10_bust": 100
    },
    {
      "id": "streak_fade_aggressive",
      "name": "Aggressive Streak Fade",
      "category": "streak",
      "timeframe": "15m",
      "selectedCount": 3,
      "holdoutEvents": 213,
      "holdoutWR": 0.539906103286385,
      "avgEntry": 0.5416197183098591,
      "score": -16.97354259,
      "s5_median": 0.7765699999999995,
      "s5_bust": 54.779999999999994,
      "s7_median": 1.4214000000000002,
      "s7_bust": 43.1,
      "s10_median": 3.79345041,
      "s10_bust": 10.6,
      "s10_trades": 28,
      "s10_pGte100": 0,
      "s10_pGte500": 0,
      "s10_pGte1000": 0,
      "a10_median": 6.913394399999994,
      "a10_bust": 4.58,
      "w10_median": 2.883004000000001,
      "w10_bust": 12.02
    }
  ]
}