{
  "timestamp": "2026-04-28T08:19:20.915Z",
  "totalConfigs": 80,
  "top20byMedian_10": [
    {
      "signalSet": "dedup_30_wr70",
      "staking": "fixed_45",
      "startBalance": 10,
      "poolWR": 0.7914285714285715,
      "avgEntry": 0.4846999999999998,
      "tpd": 60.3448275862069,
      "numSignals": 30,
      "numEvents": 350,
      "median": 8.36854303353723e+25,
      "p10": 4.557805200000001,
      "p25": 5.7826414,
      "p75": 1.3174280266028715e+29,
      "p90": 2.874829547649406e+31,
      "p95": 6.594848580131591e+32,
      "max": 1.3134235591400816e+42,
      "bust": 0,
      "pGte100": 0.7177,
      "pGte500": 0.7177,
      "medianTrades": 374,
      "avgWR": 0.6403390161292087
    },
    {
      "signalSet": "dedup_30_wr65",
      "staking": "fixed_45",
      "startBalance": 10,
      "poolWR": 0.7914285714285715,
      "avgEntry": 0.4846999999999998,
      "tpd": 60.3448275862069,
      "numSignals": 30,
      "numEvents": 350,
      "median": 6.3731832550994666e+25,
      "p10": 4.487767400000002,
      "p25": 5.7443122,
      "p75": 1.0475960086477277e+29,
      "p90": 3.519387076143209e+31,
      "p95": 8.081156870689796e+32,
      "max": 1.9706987928531976e+41,
      "bust": 0,
      "pGte100": 0.717,
      "pGte500": 0.717,
      "medianTrades": 375,
      "avgWR": 0.640502192629969
    },
    {
      "signalSet": "dedup_30_wr65",
      "staking": "fixed_40",
      "startBalance": 10,
      "poolWR": 0.7914285714285715,
      "avgEntry": 0.4846999999999998,
      "tpd": 60.3448275862069,
      "numSignals": 30,
      "numEvents": 350,
      "median": 7.117903320928073e+24,
      "p10": 5.4266016,
      "p25": 6.646032999999998,
      "p75": 4.258177423929703e+27,
      "p90": 4.9340218732535596e+29,
      "p95": 7.076963826612992e+30,
      "max": 1.7998567895255966e+37,
      "bust": 0,
      "pGte100": 0.727,
      "pGte500": 0.727,
      "medianTrades": 375,
      "avgWR": 0.6397589210171372
    },
    {
      "signalSet": "dedup_30_wr70",
      "staking": "fixed_40",
      "startBalance": 10,
      "poolWR": 0.7914285714285715,
      "avgEntry": 0.4846999999999998,
      "tpd": 60.3448275862069,
      "numSignals": 30,
      "numEvents": 350,
      "median": 6.287623542522596e+24,
      "p10": 5.395292,
      "p25": 6.666832799999991,
      "p75": 3.8799064587796095e+27,
      "p90": 4.616647581867954e+29,
      "p95": 7.369822488017937e+30,
      "max": 4.8714886883583e+37,
      "bust": 0,
      "pGte100": 0.725,
      "pGte500": 0.725,
      "medianTrades": 375,
      "avgWR": 0.6398516797933445
    },
    {
      "signalSet": "dedup_30_wr65",
      "staking": "fixed_35",
      "startBalance": 10,
      "poolWR": 0.7914285714285715,
      "avgEntry": 0.4846999999999998,
      "tpd": 60.3448275862069,
      "numSignals": 30,
      "numEvents": 350,
      "median": 1.1845916621379718e+23,
      "p10": 6.378433599999999,
      "p25": 7.366265600000003,
      "p75": 3.290942999701978e+25,
      "p90": 2.2736196024082698e+27,
      "p95": 2.445754873040943e+28,
      "max": 6.100521012720933e+33,
      "bust": 0,
      "pGte100": 0.6954,
      "pGte500": 0.6954,
      "medianTrades": 374,
      "avgWR": 0.614783883934964
    },
    {
      "signalSet": "dedup_30_wr70",
      "staking": "fixed_35",
      "startBalance": 10,
      "poolWR": 0.7914285714285715,
      "avgEntry": 0.4846999999999998,
      "tpd": 60.3448275862069,
      "numSignals": 30,
      "numEvents": 350,
      "median": 7.497648610979881e+22,
      "p10": 6.378433599999999,
      "p25": 7.1570564,
      "p75": 2.99802645329143e+25,
      "p90": 1.8327591409976612e+27,
      "p95": 1.8956445051870953e+28,
      "max": 1.0046374858222284e+35,
      "bust": 0,
      "pGte100": 0.6872,
      "pGte500": 0.6872,
      "medianTrades": 374,
      "avgWR": 0.6097106244685727
    },
    {
      "signalSet": "dedup_20_wr75",
      "staking": "fixed_45",
      "startBalance": 10,
      "poolWR": 0.7804878048780488,
      "avgEntry": 0.4711788617886179,
      "tpd": 42.41379310344828,
      "numSignals": 20,
      "numEvents": 246,
      "median": 3585286089698649000,
      "p10": 4.384738,
      "p25": 5.7443122,
      "p75": 1.8140072261008847e+21,
      "p90": 2.450971224964278e+23,
      "p95": 3.434375711000684e+24,
      "max": 1.3610231768720223e+32,
      "bust": 0,
      "pGte100": 0.7231,
      "pGte500": 0.7231,
      "medianTrades": 263,
      "avgWR": 0.6391046654588725
    },
    {
      "signalSet": "dedup_20_wr70",
      "staking": "fixed_45",
      "startBalance": 10,
      "poolWR": 0.7804878048780488,
      "avgEntry": 0.4711788617886179,
      "tpd": 42.41379310344828,
      "numSignals": 20,
      "numEvents": 246,
      "median": 2675775565090050600,
      "p10": 4.3277082,
      "p25": 5.675202,
      "p75": 1.7060019406020223e+21,
      "p90": 1.882370068655768e+23,
      "p95": 2.983105951873102e+24,
      "max": 2.053039247900505e+31,
      "bust": 0,
      "pGte100": 0.7148,
      "pGte500": 0.7148,
      "medianTrades": 263,
      "avgWR": 0.6309094447957511
    },
    {
      "signalSet": "dedup_20_wr75",
      "staking": "fixed_40",
      "startBalance": 10,
      "poolWR": 0.7804878048780488,
      "avgEntry": 0.4711788617886179,
      "tpd": 42.41379310344828,
      "numSignals": 20,
      "numEvents": 246,
      "median": 640225716124377600,
      "p10": 5.1719098,
      "p25": 6.634258,
      "p75": 171671892089652120000,
      "p90": 1.0015049803714842e+22,
      "p95": 1.1361756931154252e+23,
      "max": 5.6534448113616735e+29,
      "bust": 0,
      "pGte100": 0.7301,
      "pGte500": 0.7301,
      "medianTrades": 263,
      "avgWR": 0.6362107875050004
    },
    {
      "signalSet": "dedup_20_wr70",
      "staking": "fixed_40",
      "startBalance": 10,
      "poolWR": 0.7804878048780488,
      "avgEntry": 0.4711788617886179,
      "tpd": 42.41379310344828,
      "numSignals": 20,
      "numEvents": 246,
      "median": 588078549868046300,
      "p10": 5.1516573999999995,
      "p25": 6.3851212,
      "p75": 134738104571924190000,
      "p90": 9.329331389298486e+21,
      "p95": 8.797405614030505e+22,
      "max": 1.0128929299378654e+28,
      "bust": 0,
      "pGte100": 0.7174,
      "pGte500": 0.7174,
      "medianTrades": 263,
      "avgWR": 0.6309659985948325
    },
    {
      "signalSet": "dedup_20_wr75",
      "staking": "fixed_35",
      "startBalance": 10,
      "poolWR": 0.7804878048780488,
      "avgEntry": 0.4711788617886179,
      "tpd": 42.41379310344828,
      "numSignals": 20,
      "numEvents": 246,
      "median": 38171607793061416,
      "p10": 6.2406116,
      "p25": 7.380732799999998,
      "p75": 5346883281379807000,
      "p90": 194066700119172320000,
      "p95": 1.4872218947513357e+21,
      "max": 5.508904916461693e+27,
      "bust": 0,
      "pGte100": 0.6994,
      "pGte500": 0.6994,
      "medianTrades": 262,
      "avgWR": 0.6115282858894832
    },
    {
      "signalSet": "dedup_20_wr70",
      "staking": "fixed_35",
      "startBalance": 10,
      "poolWR": 0.7804878048780488,
      "avgEntry": 0.4711788617886179,
      "tpd": 42.41379310344828,
      "numSignals": 20,
      "numEvents": 246,
      "median": 32453897569220080,
      "p10": 6.315131799999998,
      "p25": 6.962916000000001,
      "p75": 5297387310506263000,
      "p90": 221166160535190700000,
      "p95": 1.5134419007018736e+21,
      "max": 3.6345900999801874e+25,
      "bust": 0,
      "pGte100": 0.6899,
      "pGte500": 0.6899,
      "medianTrades": 262,
      "avgWR": 0.6028184814236075
    },
    {
      "signalSet": "dedup_15_wr70",
      "staking": "fixed_45",
      "startBalance": 10,
      "poolWR": 0.7733990147783252,
      "avgEntry": 0.4663546798029556,
      "tpd": 35,
      "numSignals": 15,
      "numEvents": 203,
      "median": 2695812289193764,
      "p10": 4.3792185999999935,
      "p25": 5.691627800000015,
      "p75": 867582013279487200,
      "p90": 61587825315916956000,